<?xml version="1.0" encoding="UTF-8"?>
<project xmlns="http://maven.apache.org/POM/4.0.0" 
    xmlns:xsi="http://www.w3.org/2001/XMLSchema-instance" xsi:schemaLocation="http://maven.apache.org/POM/4.0.0 http://maven.apache.org/xsd/maven-4.0.0.xsd">
    <modelVersion>4.0.0</modelVersion>

    <groupId>tr.chrisolson</groupId>
    <artifactId>generateXML</artifactId>
    <version>1.0-SNAPSHOT</version>
    <packaging>jar</packaging>

    <name>Azure Java Functions</name>

    <properties>
        <project.build.sourceEncoding>UTF-8</project.build.sourceEncoding>
        <maven.compiler.source>1.8</maven.compiler.source>
        <maven.compiler.target>1.8</maven.compiler.target>
        <azure.functions.maven.plugin.version>1.3.3</azure.functions.maven.plugin.version>
        <azure.functions.java.library.version>1.3.0</azure.functions.java.library.version>
        <functionAppName>generateXML-20190718115146281</functionAppName>
        <functionAppRegion>eastus2</functionAppRegion>
        <stagingDirectory>${project.build.directory}/azure-functions/${functionAppName}</stagingDirectory>
<!--        <functionResourceGroup>java-functions-group</functionResourceGroup> -->
        <functionResourceGroup>eastus2-206153</functionResourceGroup>
    </properties>

    <repositories>
        <repository>
            <id>maven.snapshots</id>
            <name>Maven Central Snapshot Repository</name>
            <url>https://oss.sonatype.org/content/repositories/snapshots/</url>
            <releases>
                <enabled>false</enabled>
            </releases>
            <snapshots>
                <enabled>true</enabled>
            </snapshots>
        </repository>
    </repositories>

    <pluginRepositories>
        <pluginRepository>
            <id>maven.snapshots</id>
            <name>Maven Central Snapshot Repository</name>
            <url>https://oss.sonatype.org/content/repositories/snapshots/</url>
            <releases>
                <enabled>false</enabled>
            </releases>
            <snapshots>
                <enabled>true</enabled>
            </snapshots>
        </pluginRepository>
    </pluginRepositories>

    <dependencyManagement>
        <dependencies>
            <dependency>
                <groupId>org.junit.jupiter</groupId>
                <artifactId>junit-jupiter</artifactId>
                <version>5.4.2</version>
            </dependency>
            <dependency>
                <groupId>org.mockito</groupId>
                <artifactId>mockito-core</artifactId>
                <version>2.23.4</version>
            </dependency>
            <dependency>
                <groupId>com.microsoft.azure.functions</groupId>
                <artifactId>azure-functions-java-library</artifactId>
                <version>${azure.functions.java.library.version}</version>
            </dependency>
            <dependency>
                <groupId>com.microsoft.azure</groupId>
                <artifactId>azure-documentdb</artifactId>
                <version>1.9.1</version>
            </dependency>
        </dependencies>
    </dependencyManagement>

    <dependencies>
        <dependency>
            <groupId>com.microsoft.azure.functions</groupId>
            <artifactId>azure-functions-java-library</artifactId>
        </dependency>

        <!-- Test -->
        <dependency>
            <groupId>org.junit.jupiter</groupId>
            <artifactId>junit-jupiter</artifactId>
            <scope>test</scope>
        </dependency>
        <dependency>
            <groupId>org.mockito</groupId>
            <artifactId>mockito-core</artifactId>
            <scope>test</scope>
        </dependency>
        <dependency>
            <groupId>com.microsoft.azure</groupId>
            <artifactId>azure-documentdb</artifactId>
            <version>2.2.3</version>
        </dependency>
        <!-- https://mvnrepository.com/artifact/com.google.code.gson/gson -->
        <dependency>
            <groupId>com.google.code.gson</groupId>
            <artifactId>gson</artifactId>
            <version>2.8.5</version>
        </dependency>
        <dependency>
            <groupId>com.microsoft.azure</groupId>
            <artifactId>azure-storage</artifactId>
            <version>8.2.0</version>
        </dependency>

    </dependencies>

    <build>
        <pluginManagement>
            <plugins>
                <plugin>
                    <groupId>com.microsoft.azure</groupId>
                    <artifactId>azure-functions-maven-plugin</artifactId>
                    <version>${azure.functions.maven.plugin.version}</version>
                </plugin>
                <plugin>
                    <groupId>org.apache.maven.plugins</groupId>
                    <artifactId>maven-resources-plugin</artifactId>
                    <version>3.1.0</version>
                </plugin>
                <plugin>
                    <groupId>org.apache.maven.plugins</groupId>
                    <artifactId>maven-dependency-plugin</artifactId>
                    <version>3.1.1</version>
                </plugin>
                <plugin>
                    <groupId>org.apache.maven.plugins</groupId>
                    <artifactId>maven-clean-plugin</artifactId>
                    <version>3.1.0</version>
                </plugin>
            </plugins>
        </pluginManagement>

        <plugins>
            <plugin>
                <groupId>com.microsoft.azure</groupId>
                <artifactId>azure-functions-maven-plugin</artifactId>
                <configuration>
                    <resourceGroup>${functionResourceGroup}</resourceGroup>
                    <appName>${functionAppName}</appName>
                    <region>${functionAppRegion}</region>
                    <appSettings>
                        <!-- Run Azure Function from package file by default -->
                        <property>
                            <name>WEBSITE_RUN_FROM_PACKAGE</name>
                            <value>1</value>
                        </property>
                        <property>
                            <name>FUNCTIONS_EXTENSION_VERSION</name>
                            <value>~2</value>
                        </property>
                    </appSettings>
                </configuration>
                <executions>
                    <execution>
                        <id>package-functions</id>
                        <goals>
                            <goal>package</goal>
                        </goals>
                    </execution>
                </executions>
            </plugin>
            <plugin>
                <groupId>org.apache.maven.plugins</groupId>
                <artifactId>maven-resources-plugin</artifactId>
                <executions>
                    <execution>
                        <id>copy-resources</id>
                        <phase>package</phase>
                        <goals>
                            <goal>copy-resources</goal>
                        </goals>
                        <configuration>
                            <overwrite>true</overwrite>
                            <outputDirectory>${stagingDirectory}</outputDirectory>
                            <resources>
                                <resource>
                                    <directory>${project.basedir}</directory>
                                    <includes>
                                        <include>host.json</include>
                                        <include>local.settings.json</include>
                                    </includes>
                                </resource>
                            </resources>
                        </configuration>
                    </execution>
                </executions>
            </plugin>
            <plugin>
                <groupId>org.apache.maven.plugins</groupId>
                <artifactId>maven-dependency-plugin</artifactId>
                <executions>
                    <execution>
                        <id>copy-dependencies</id>
                        <phase>prepare-package</phase>
                        <goals>
                            <goal>copy-dependencies</goal>
                        </goals>
                        <configuration>
                            <outputDirectory>${stagingDirectory}/lib</outputDirectory>
                            <overWriteReleases>false</overWriteReleases>
                            <overWriteSnapshots>false</overWriteSnapshots>
                            <overWriteIfNewer>true</overWriteIfNewer>
                            <includeScope>runtime</includeScope>
                            <excludeArtifactIds>azure-functions-java-library</excludeArtifactIds>
                        </configuration>
                    </execution>
                </executions>
            </plugin>
            <!--Remove obj folder generated by .NET SDK in maven clean-->
            <plugin>
                <artifactId>maven-clean-plugin</artifactId>
                <version>3.1.0</version>
                <configuration>
                    <filesets>
                        <fileset>
                            <directory>obj</directory>
                        </fileset>
                    </filesets>
                </configuration>
            </plugin>
        </plugins>
    </build>

</project>